precinct_id;new_electorate;total_votes;invalid_votes;valid_votes;A. Socialdemokratiet;B. Radikale Venstre;C. Det Konservative Folkeparti;F. SF - Socialistisk Folkeparti;I. Liberal Alliance;M. Moderaterne;O. Dansk Folkeparti;V. Venstre, Danmarks Liberale Parti;Æ. Danmarksdemokraterne - Inger Støjberg;Ø. Enhedslisten - De Rød-Grønne;Å. Alternativet;Andre
A10101;;;;;;;;;;;;;;;;
A10102;;;;;;;;;;;;;;;;
A10103;;;;;;;;;;;;;;;;
A10104;;;;;;;;;;;;;;;;
A10105;;;;;;;;;;;;;;;;
A10107;;;;;;;;;;;;;;;;
A10108;;;;;;;;;;;;;;;;
A10109;;;;;;;;;;;;;;;;
A10110;;;;;;;;;;;;;;;;
A10112;;;;;;;;;;;;;;;;
A10113;;;;;;;;;;;;;;;;
A10114;;;;;;;;;;;;;;;;
A10115;;;;;;;;;;;;;;;;
A10116;;;;;;;;;;;;;;;;
A10117;;;;;;;;;;;;;;;;
A10118;;;;;;;;;;;;;;;;
A10119;;;;;;;;;;;;;;;;
A10120;;;;;;;;;;;;;;;;
A10121;;;;;;;;;;;;;;;;
A10122;;;;;;;;;;;;;;;;
A10123;;;;;;;;;;;;;;;;
A10124;;;;;;;;;;;;;;;;
A10125;;;;;;;;;;;;;;;;
A10127;;;;;;;;;;;;;;;;
A10128;;;;;;;;;;;;;;;;
A10129;;;;;;;;;;;;;;;;
A10130;;;;;;;;;;;;;;;;
A10132;;;;;;;;;;;;;;;;
A10133;;;;;;;;;;;;;;;;
A10134;;;;;;;;;;;;;;;;
A10135;;;;;;;;;;;;;;;;
A10136;;;;;;;;;;;;;;;;
A10137;;;;;;;;;;;;;;;;
A10138;;;;;;;;;;;;;;;;
A10139;;;;;;;;;;;;;;;;
A10140;;;;;;;;;;;;;;;;
A10141;;;;;;;;;;;;;;;;
A10142;;;;;;;;;;;;;;;;
A10143;;;;;;;;;;;;;;;;
A10144;;;;;;;;;;;;;;;;
A10145;;;;;;;;;;;;;;;;
A10146;;;;;;;;;;;;;;;;
A10147;;;;;;;;;;;;;;;;
A10148;;;;;;;;;;;;;;;;
A10149;;;;;;;;;;;;;;;;
A10150;;;;;;;;;;;;;;;;
A10151;;;;;;;;;;;;;;;;
A10152;;;;;;;;;;;;;;;;
A10153;;;;;;;;;;;;;;;;
A10106;;;;;;;;;;;;;;;;
A10111;;;;;;;;;;;;;;;;
A10126;3338;1968;37;1931;140;193;74;599;89;52;69;82;29;452;152;0
A10131;;;;;;;;;;;;;;;;
A11101;;;;;;;;;;;;;;;;
A11102;;;;;;;;;;;;;;;;
A11103;;;;;;;;;;;;;;;;
A11104;;;;;;;;;;;;;;;;
A11105;;;;;;;;;;;;;;;;
A11106;;;;;;;;;;;;;;;;
A11107;;;;;;;;;;;;;;;;
A11108;;;;;;;;;;;;;;;;
A15101;;;;;;;;;;;;;;;;
A15102;;;;;;;;;;;;;;;;
A15103;;;;;;;;;;;;;;;;
A15104;;;;;;;;;;;;;;;;
A15105;;;;;;;;;;;;;;;;
A15106;;;;;;;;;;;;;;;;
A15107;;;;;;;;;;;;;;;;
A15108;;;;;;;;;;;;;;;;
A15109;;;;;;;;;;;;;;;;
A15301;;;;;;;;;;;;;;;;
A15302;;;;;;;;;;;;;;;;
A15303;;;;;;;;;;;;;;;;
A15304;;;;;;;;;;;;;;;;
A15305;;;;;;;;;;;;;;;;
A15306;;;;;;;;;;;;;;;;
A15501;;;;;;;;;;;;;;;;
A15502;;;;;;;;;;;;;;;;
A15701;;;;;;;;;;;;;;;;
A15702;;;;;;;;;;;;;;;;
A15703;;;;;;;;;;;;;;;;
A15704;;;;;;;;;;;;;;;;
A15705;;;;;;;;;;;;;;;;
A15706;1152;909;10;899;78;141;104;186;71;111;22;102;8;55;21;0
A15707;;;;;;;;;;;;;;;;
A15708;;;;;;;;;;;;;;;;
A15709;;;;;;;;;;;;;;;;
A15710;;;;;;;;;;;;;;;;
A15901;;;;;;;;;;;;;;;;
A15902;;;;;;;;;;;;;;;;
A15903;;;;;;;;;;;;;;;;
A15904;;;;;;;;;;;;;;;;
A15905;;;;;;;;;;;;;;;;
A15906;;;;;;;;;;;;;;;;
A15907;;;;;;;;;;;;;;;;
A15908;;;;;;;;;;;;;;;;
A15909;;;;;;;;;;;;;;;;
A16101;;;;;;;;;;;;;;;;
A16102;;;;;;;;;;;;;;;;
A16103;;;;;;;;;;;;;;;;
A16104;;;;;;;;;;;;;;;;
A16105;;;;;;;;;;;;;;;;
A16106;;;;;;;;;;;;;;;;
A16301;;;;;;;;;;;;;;;;
A16302;;;;;;;;;;;;;;;;
A16303;;;;;;;;;;;;;;;;
A16501;1679;683;22;661;141;35;28;134;18;21;74;29;33;115;33;0
A16502;;;;;;;;;;;;;;;;
A16503;;;;;;;;;;;;;;;;
A16504;;;;;;;;;;;;;;;;
A16505;;;;;;;;;;;;;;;;
A16701;;;;;;;;;;;;;;;;
A16702;;;;;;;;;;;;;;;;
A16703;;;;;;;;;;;;;;;;
A16704;;;;;;;;;;;;;;;;
A16705;;;;;;;;;;;;;;;;
A16706;;;;;;;;;;;;;;;;
A16707;;;;;;;;;;;;;;;;
A16708;;;;;;;;;;;;;;;;
A16901;;;;;;;;;;;;;;;;
A16902;;;;;;;;;;;;;;;;
A16903;;;;;;;;;;;;;;;;
A16904;;;;;;;;;;;;;;;;
A16905;;;;;;;;;;;;;;;;
A16906;2955;809;30;779;184;55;23;104;39;25;86;50;32;164;17;0
A16907;3062;1591;39;1552;329;94;130;239;87;116;132;152;76;159;38;0
A16908;;;;;;;;;;;;;;;;
A16909;;;;;;;;;;;;;;;;
A16910;;;;;;;;;;;;;;;;
A16911;;;;;;;;;;;;;;;;
A17301;;;;;;;;;;;;;;;;
A17302;;;;;;;;;;;;;;;;
A17303;;;;;;;;;;;;;;;;
A17304;;;;;;;;;;;;;;;;
A17305;1937;776;18;758;126;46;84;117;50;28;72;77;32;98;28;0
A17306;;;;;;;;;;;;;;;;
A17307;;;;;;;;;;;;;;;;
A17308;;;;;;;;;;;;;;;;
A17309;;;;;;;;;;;;;;;;
A17501;;;;;;;;;;;;;;;;
A17502;1862;1125;32;1093;151;78;144;154;70;91;89;166;54;80;16;0
A17503;2705;1247;35;1212;197;67;109;182;64;79;147;113;84;139;31;0
A17504;3914;2342;64;2278;390;166;269;367;162;134;218;290;128;111;43;0
A17505;716;493;13;480;68;45;46;78;40;35;36;54;30;32;16;0
A17506;;;;;;;;;;;;;;;;
A17507;;;;;;;;;;;;;;;;
A18301;;;;;;;;;;;;;;;;
A18302;2522;1642;30;1612;320;102;167;346;98;89;139;169;60;80;42;0
A18303;;;;;;;;;;;;;;;;
A18304;;;;;;;;;;;;;;;;
A18305;;;;;;;;;;;;;;;;
A18501;;;;;;;;;;;;;;;;
A18502;;;;;;;;;;;;;;;;
A18503;;;;;;;;;;;;;;;;
A18504;;;;;;;;;;;;;;;;
A18505;2392;1249;32;1217;228;75;104;189;94;75;104;164;55;99;30;0
A18506;;;;;;;;;;;;;;;;
A18701;;;;;;;;;;;;;;;;
A18702;1452;1012;35;977;148;64;120;127;79;80;48;206;47;35;23;0
A18703;;;;;;;;;;;;;;;;
A19001;;;;;;;;;;;;;;;;
A19002;;;;;;;;;;;;;;;;
A19003;;;;;;;;;;;;;;;;
A19004;;;;;;;;;;;;;;;;
A19005;;;;;;;;;;;;;;;;
A19006;1034;657;8;649;58;58;82;110;52;69;51;74;38;41;16;0
A19007;1341;812;14;798;77;75;95;116;80;71;59;119;48;38;20;0
A20101;853;449;13;436;67;28;48;77;32;23;41;53;27;29;11;0
A20102;;;;;;;;;;;;;;;;
A20103;;;;;;;;;;;;;;;;
A20104;;;;;;;;;;;;;;;;
A20105;;;;;;;;;;;;;;;;
A21001;;;;;;;;;;;;;;;;
A21002;;;;;;;;;;;;;;;;
A21003;;;;;;;;;;;;;;;;
A21004;;;;;;;;;;;;;;;;
A21005;;;;;;;;;;;;;;;;
A21006;;;;;;;;;;;;;;;;
A21007;920;623;6;617;44;73;84;74;85;63;26;116;21;14;17;0
A21008;;;;;;;;;;;;;;;;
A21701;;;;;;;;;;;;;;;;
A21702;;;;;;;;;;;;;;;;
A21703;;;;;;;;;;;;;;;;
A21704;307;235;1;234;12;26;37;19;45;22;11;45;7;7;3;0
A21705;;;;;;;;;;;;;;;;
A21706;;;;;;;;;;;;;;;;
A21707;;;;;;;;;;;;;;;;
A21708;630;455;9;446;39;69;49;60;45;36;33;78;15;13;9;0
A21709;1154;941;23;918;107;123;76;252;53;50;45;94;30;62;26;0
A21710;1820;1165;27;1138;156;94;113;156;99;97;89;210;54;39;31;0
A21711;;;;;;;;;;;;;;;;
A21712;1587;1135;15;1120;148;119;131;213;95;79;39;162;20;70;44;0
A21901;851;689;4;685;82;100;68;132;48;74;17;87;11;45;21;0
A21902;;;;;;;;;;;;;;;;
A21903;;;;;;;;;;;;;;;;
A21904;1490;857;14;843;103;51;89;115;92;71;82;121;67;37;15;0
A21905;;;;;;;;;;;;;;;;
A21906;1077;697;16;681;87;53;79;86;78;51;63;85;46;35;18;0
A21907;1047;710;13;697;90;46;89;105;64;41;51;127;43;24;17;0
A21908;;;;;;;;;;;;;;;;
A21909;;;;;;;;;;;;;;;;
A21910;436;294;6;288;24;22;20;61;20;32;15;44;23;22;5;0
A21911;;;;;;;;;;;;;;;;
A21912;;;;;;;;;;;;;;;;
A21913;;;;;;;;;;;;;;;;
A21914;1196;744;8;736;104;41;66;124;54;78;60;96;49;47;17;0
A22301;;;;;;;;;;;;;;;;
A22302;776;493;9;484;50;46;59;71;42;42;38;64;34;26;12;0
A22303;2356;1468;34;1434;150;75;158;251;120;146;115;203;115;66;35;0
A22304;;;;;;;;;;;;;;;;
A22305;1457;1042;14;1028;135;104;77;267;53;81;44;126;22;96;23;0
A23001;;;;;;;;;;;;;;;;
A23002;;;;;;;;;;;;;;;;
A23003;;;;;;;;;;;;;;;;
A23004;;;;;;;;;;;;;;;;
A23005;;;;;;;;;;;;;;;;
A23006;;;;;;;;;;;;;;;;
A23007;;;;;;;;;;;;;;;;
A23008;;;;;;;;;;;;;;;;
A23009;;;;;;;;;;;;;;;;
A24001;;;;;;;;;;;;;;;;
A24002;;;;;;;;;;;;;;;;
A24003;;;;;;;;;;;;;;;;
A24004;;;;;;;;;;;;;;;;
A24005;;;;;;;;;;;;;;;;
A24006;1588;1280;16;1264;152;164;111;380;64;93;34;114;16;102;34;0
A24007;;;;;;;;;;;;;;;;
A24008;;;;;;;;;;;;;;;;
A24009;;;;;;;;;;;;;;;;
A25001;885;586;16;570;68;43;77;99;49;57;44;89;20;19;5;0
A25002;;;;;;;;;;;;;;;;
A25003;;;;;;;;;;;;;;;;
A25004;1406;1002;14;988;170;110;74;205;52;50;67;132;46;63;19;0
A25005;;;;;;;;;;;;;;;;
A25006;;;;;;;;;;;;;;;;
A25301;;;;;;;;;;;;;;;;
A25302;;;;;;;;;;;;;;;;
A25303;;;;;;;;;;;;;;;;
A25304;2393;1807;19;1788;174;201;237;361;146;178;51;279;37;83;41;0
A25305;;;;;;;;;;;;;;;;
A25901;;;;;;;;;;;;;;;;
A25902;;;;;;;;;;;;;;;;
A25903;;;;;;;;;;;;;;;;
A25904;;;;;;;;;;;;;;;;
A25905;;;;;;;;;;;;;;;;
A25906;;;;;;;;;;;;;;;;
A25907;;;;;;;;;;;;;;;;
A25908;2510;1975;19;1956;140;231;354;239;229;183;47;396;22;73;42;0
A25909;;;;;;;;;;;;;;;;
A25910;;;;;;;;;;;;;;;;
A25911;;;;;;;;;;;;;;;;
A26001;;;;;;;;;;;;;;;;
A26002;1937;1004;45;959;171;23;75;99;49;37;110;185;140;55;15;0
A26003;;;;;;;;;;;;;;;;
A26004;2207;1220;50;1170;237;53;93;179;41;64;110;206;88;73;26;0
A26005;2504;1429;30;1399;257;62;91;236;58;68;109;233;116;137;32;0
A26501;;;;;;;;;;;;;;;;
A26502;1545;1079;20;1059;168;67;61;259;46;51;30;186;39;127;25;0
A26503;;;;;;;;;;;;;;;;
A26504;1290;764;25;739;118;25;53;96;38;43;85;169;57;39;16;0
A26505;;;;;;;;;;;;;;;;
A26506;66;55;3;52;10;2;6;15;1;2;2;7;3;2;2;0
A26507;575;344;10;334;79;8;18;37;7;14;47;61;49;13;1;0
A26508;;;;;;;;;;;;;;;;
A26509;702;366;19;347;77;8;23;26;21;14;49;56;55;12;6;0
A26510;1739;812;26;786;192;18;71;76;33;35;132;91;96;36;6;0
A26511;;;;;;;;;;;;;;;;
A26512;29;26;1;25;3;0;1;0;0;5;2;6;6;1;1;0
A26513;;;;;;;;;;;;;;;;
A26514;;;;;;;;;;;;;;;;
A26515;;;;;;;;;;;;;;;;
A26516;358;208;2;206;44;4;14;20;8;10;34;34;23;10;5;0
A26517;357;231;4;227;28;10;22;54;8;9;20;20;20;29;7;0
A26518;95;68;0;68;14;1;5;13;1;3;2;12;10;7;0;0
A26901;1735;766;25;741;164;12;51;114;25;19;110;90;105;38;13;0
A26902;1878;953;29;924;221;16;55;107;37;46;103;165;125;38;11;0
A26903;;;;;;;;;;;;;;;;
A27001;1202;478;19;459;144;10;24;56;19;20;77;26;56;22;5;0
A27002;;;;;;;;;;;;;;;;
A27003;;;;;;;;;;;;;;;;
A27004;;;;;;;;;;;;;;;;
A27005;;;;;;;;;;;;;;;;
A27006;2205;1258;34;1224;275;42;162;166;75;85;106;140;116;31;26;0
A27007;1429;766;29;737;135;20;70;125;42;40;86;85;101;21;12;0
A27008;;;;;;;;;;;;;;;;
A27009;;;;;;;;;;;;;;;;
A27010;1167;628;15;613;96;14;49;85;28;22;77;93;111;31;7;0
A27011;2498;1300;56;1244;254;45;105;158;54;98;176;178;114;48;14;0
A27012;1718;903;41;862;165;23;78;132;41;52;106;113;97;39;16;0
A30601;;;;;;;;;;;;;;;;
A30602;;;;;;;;;;;;;;;;
A30603;1214;637;12;625;115;13;69;74;27;39;81;105;74;23;5;0
A30604;881;441;17;424;67;6;59;46;17;23;62;46;84;14;0;0
A30605;;;;;;;;;;;;;;;;
A30606;2288;1203;39;1164;222;38;100;187;53;56;130;158;144;57;19;0
A30607;;;;;;;;;;;;;;;;
A30608;;;;;;;;;;;;;;;;
A30609;1005;513;18;495;109;12;40;62;23;21;90;43;50;35;10;0
A30610;;;;;;;;;;;;;;;;
A30611;;;;;;;;;;;;;;;;
A30612;2356;1488;32;1456;301;95;125;264;93;119;85;194;86;69;25;0
A31601;;;;;;;;;;;;;;;;
A31602;915;534;22;512;79;19;40;67;28;29;46;113;42;27;22;0
A31603;2939;1490;46;1444;224;53;97;214;84;81;200;220;176;66;29;0
A31604;;;;;;;;;;;;;;;;
A31605;;;;;;;;;;;;;;;;
A31606;1135;684;11;673;89;22;34;129;38;61;67;83;67;74;9;0
A31607;1746;1119;18;1101;148;52;45;240;36;72;96;149;77;149;37;0
A31608;953;681;12;669;117;28;43;164;31;46;62;69;46;47;16;0
A31609;;;;;;;;;;;;;;;;
A31610;931;570;12;558;87;35;23;106;42;31;39;85;46;45;19;0
A31611;590;360;7;353;49;10;17;76;19;41;29;35;23;36;18;0
A31612;1390;733;19;714;119;36;30;98;26;53;87;122;87;34;22;0
A31613;1680;978;38;940;191;37;65;180;43;77;97;119;65;51;15;0
A31614;;;;;;;;;;;;;;;;
A31615;;;;;;;;;;;;;;;;
A32001;803;443;14;429;66;23;22;44;25;31;44;73;62;27;12;0
A32002;1531;771;30;741;111;20;47;97;40;47;113;123;100;31;12;0
A32003;;;;;;;;;;;;;;;;
A32004;715;454;15;439;52;21;33;73;28;28;39;83;55;19;8;0
A32005;1975;1031;34;997;159;43;57;121;73;49;138;166;123;41;27;0
A32006;1281;664;15;649;92;32;43;79;41;57;82;110;74;26;13;0
A32007;;;;;;;;;;;;;;;;
A32601;1150;658;17;641;117;16;51;87;52;51;81;70;81;25;10;0
A32602;1232;672;38;634;95;28;44;80;31;48;74;122;80;20;12;0
A32603;;;;;;;;;;;;;;;;
A32604;405;213;8;205;19;16;15;36;11;14;23;24;31;13;3;0
A32605;;;;;;;;;;;;;;;;
A32606;;;;;;;;;;;;;;;;
A32607;;;;;;;;;;;;;;;;
A32608;;;;;;;;;;;;;;;;
A32609;;;;;;;;;;;;;;;;
A32610;;;;;;;;;;;;;;;;
A32611;;;;;;;;;;;;;;;;
A32612;;;;;;;;;;;;;;;;
A32613;;;;;;;;;;;;;;;;
A32614;704;450;13;437;67;16;36;81;31;44;46;54;39;22;1;0
A32615;1439;712;17;695;88;25;55;101;40;46;85;113;99;21;22;0
A32616;2255;1455;18;1437;299;37;99;230;85;155;105;247;108;60;12;0
A32617;;;;;;;;;;;;;;;;
A32618;;;;;;;;;;;;;;;;
A32901;;;;;;;;;;;;;;;;
A32902;;;;;;;;;;;;;;;;
A32903;;;;;;;;;;;;;;;;
A32904;;;;;;;;;;;;;;;;
A32905;;;;;;;;;;;;;;;;
A32906;;;;;;;;;;;;;;;;
A32907;;;;;;;;;;;;;;;;
A32908;;;;;;;;;;;;;;;;
A32909;;;;;;;;;;;;;;;;
A32910;;;;;;;;;;;;;;;;
A32911;;;;;;;;;;;;;;;;
A32912;;;;;;;;;;;;;;;;
A32913;;;;;;;;;;;;;;;;
A33001;;;;;;;;;;;;;;;;
A33002;;;;;;;;;;;;;;;;
A33003;;;;;;;;;;;;;;;;
A33004;1827;1094;34;1060;160;63;110;146;60;95;89;217;68;35;17;0
A33005;;;;;;;;;;;;;;;;
A33006;982;576;14;562;63;23;51;60;29;47;64;126;57;27;15;0
A33007;;;;;;;;;;;;;;;;
A33008;3364;2006;34;1972;286;97;147;296;142;138;190;339;186;119;32;0
A33009;;;;;;;;;;;;;;;;
A33010;1253;847;19;828;108;50;71;161;54;73;76;111;63;50;11;0
A33011;1073;646;13;633;95;30;51;113;38;42;75;88;60;27;14;0
A33012;959;605;9;596;81;25;48;106;45;59;47;103;36;34;12;0
A33013;;;;;;;;;;;;;;;;
A33014;2122;1302;28;1274;227;54;104;213;95;75;146;163;103;71;23;0
A33015;2185;1488;31;1457;199;95;118;325;116;113;85;230;86;72;18;0
A33016;;;;;;;;;;;;;;;;
A33017;2288;1383;29;1354;191;93;103;257;84;115;81;225;99;79;27;0
A33018;;;;;;;;;;;;;;;;
A33601;;;;;;;;;;;;;;;;
A33602;;;;;;;;;;;;;;;;
A33603;;;;;;;;;;;;;;;;
A33604;;;;;;;;;;;;;;;;
A34001;;;;;;;;;;;;;;;;
A34002;;;;;;;;;;;;;;;;
A34003;;;;;;;;;;;;;;;;
A34004;;;;;;;;;;;;;;;;
A34005;;;;;;;;;;;;;;;;
A34006;;;;;;;;;;;;;;;;
A34007;;;;;;;;;;;;;;;;
A35001;;;;;;;;;;;;;;;;
A35002;;;;;;;;;;;;;;;;
A35003;;;;;;;;;;;;;;;;
A35004;;;;;;;;;;;;;;;;
A35005;839;537;14;523;59;43;53;96;36;42;36;78;31;40;9;0
A35006;;;;;;;;;;;;;;;;
A35007;2662;1720;37;1683;215;120;104;300;128;139;131;309;99;104;34;0
A35008;;;;;;;;;;;;;;;;
A35009;2231;1453;28;1425;218;86;158;211;143;102;112;222;79;58;36;0
A35010;;;;;;;;;;;;;;;;
A36001;1738;1138;27;1111;180;78;108;168;69;87;71;186;94;43;27;0
A36002;;;;;;;;;;;;;;;;
A36003;822;476;10;466;64;28;37;63;23;32;57;102;26;17;17;0
A36004;;;;;;;;;;;;;;;;
A36005;;;;;;;;;;;;;;;;
A36006;;;;;;;;;;;;;;;;
A36007;;;;;;;;;;;;;;;;
A36008;;;;;;;;;;;;;;;;
A36009;;;;;;;;;;;;;;;;
A36010;1814;1108;29;1079;179;59;60;226;43;78;85;174;108;59;8;0
A36011;;;;;;;;;;;;;;;;
A36012;;;;;;;;;;;;;;;;
A36013;;;;;;;;;;;;;;;;
A36014;2424;1269;38;1231;193;32;84;174;93;82;123;180;176;69;25;0
A36015;;;;;;;;;;;;;;;;
A36016;;;;;;;;;;;;;;;;
A37001;;;;;;;;;;;;;;;;
A37002;;;;;;;;;;;;;;;;
A37003;817;512;12;500;72;15;27;142;16;39;37;35;37;73;7;0
A37004;;;;;;;;;;;;;;;;
A37005;;;;;;;;;;;;;;;;
A37006;;;;;;;;;;;;;;;;
A37007;;;;;;;;;;;;;;;;
A37008;1018;559;11;548;110;20;31;83;17;43;68;74;49;48;5;0
A37009;;;;;;;;;;;;;;;;
A37010;;;;;;;;;;;;;;;;
A37011;1293;922;18;904;131;42;68;190;30;65;62;152;53;86;25;0
A37012;;;;;;;;;;;;;;;;
A37013;2907;1504;44;1460;282;62;77;240;74;100;151;194;166;89;25;0
A37014;555;353;5;348;53;21;17;65;21;23;29;56;31;26;6;0
A37015;837;440;15;425;72;11;21;60;27;19;56;45;58;44;12;0
A37016;;;;;;;;;;;;;;;;
A37017;268;170;6;164;37;9;8;24;7;9;16;24;21;8;1;0
A37018;;;;;;;;;;;;;;;;
A37019;;;;;;;;;;;;;;;;
A37020;1474;818;18;800;114;20;46;106;57;76;87;158;96;30;10;0
A37021;527;312;8;304;59;12;19;53;16;21;38;35;31;18;2;0
A37022;947;504;6;498;99;19;37;60;23;31;54;98;58;14;5;0
A37023;2365;1052;27;1025;214;31;73;108;55;51;130;176;129;36;22;0
A37024;;;;;;;;;;;;;;;;
A37601;1386;771;21;750;106;23;52;128;49;36;77;129;86;53;11;0
A37602;1095;594;21;573;76;30;47;64;31;30;68;102;91;25;9;0
A37603;;;;;;;;;;;;;;;;
A37604;;;;;;;;;;;;;;;;
A37605;;;;;;;;;;;;;;;;
A37606;;;;;;;;;;;;;;;;
A37607;;;;;;;;;;;;;;;;
A37608;623;362;1;361;51;9;24;74;8;30;37;67;23;33;5;0
A37609;;;;;;;;;;;;;;;;
A37610;;;;;;;;;;;;;;;;
A37611;602;356;7;349;50;10;38;40;16;18;37;75;32;25;8;0
A37612;583;370;9;361;55;18;41;47;22;28;34;45;36;22;13;0
A37613;;;;;;;;;;;;;;;;
A37614;1024;659;6;653;84;24;43;109;51;52;51;111;69;45;14;0
A37615;;;;;;;;;;;;;;;;
A37616;1202;812;10;802;99;55;65;214;55;47;38;96;33;83;17;0
A37617;922;532;15;517;71;21;93;65;40;26;42;69;62;16;12;0
A37618;983;608;16;592;97;32;51;93;38;42;40;92;71;22;14;0
A37619;526;304;10;294;31;10;29;47;14;21;34;49;34;14;11;0
A37620;913;536;20;516;74;15;54;94;44;25;46;66;58;30;10;0
A39001;1000;584;22;562;68;24;62;98;27;42;55;87;53;31;15;0
A39002;614;343;10;333;44;7;30;28;27;18;42;51;59;20;7;0
A39003;;;;;;;;;;;;;;;;
A39004;1515;712;13;699;124;23;53;86;33;45;104;74;101;39;17;0
A39005;1389;818;27;791;115;30;50;98;46;51;94;146;106;40;15;0
A39006;;;;;;;;;;;;;;;;
A39007;;;;;;;;;;;;;;;;
A39008;;;;;;;;;;;;;;;;
A39009;;;;;;;;;;;;;;;;
A39010;2405;1175;47;1128;190;41;92;122;57;57;171;185;153;48;12;0
A39011;1400;805;21;784;119;36;64;99;54;48;71;167;97;14;15;0
A39012;1453;791;26;765;137;21;65;86;56;57;92;143;69;26;13;0
A39013;;;;;;;;;;;;;;;;
A39014;;;;;;;;;;;;;;;;
A39015;1964;1034;29;1005;200;34;78;135;59;58;104;152;127;40;18;0
A39016;2685;1358;48;1310;198;47;115;116;106;67;184;242;178;32;25;0
A39017;;;;;;;;;;;;;;;;
A40004;1314;794;26;768;121;34;55;147;49;30;60;151;60;38;23;0
A40005;;;;;;;;;;;;;;;;
A40006;154;78;0;78;20;4;4;9;1;1;8;12;12;5;2;0
A40007;1078;604;27;577;101;17;36;60;41;64;51;111;56;22;18;0
A40008;128;82;1;81;14;3;1;20;0;2;10;12;10;7;2;0
A40009;;;;;;;;;;;;;;;;
A40001;;;;;;;;;;;;;;;;
A40002;;;;;;;;;;;;;;;;
A40003;;;;;;;;;;;;;;;;
A41001;;;;;;;;;;;;;;;;
A41002;;;;;;;;;;;;;;;;
A41003;;;;;;;;;;;;;;;;
A41004;2912;1562;51;1511;267;121;99;356;88;67;80;121;43;195;74;0
A41005;;;;;;;;;;;;;;;;
A41006;;;;;;;;;;;;;;;;
A41007;;;;;;;;;;;;;;;;
A41008;;;;;;;;;;;;;;;;
A41009;;;;;;;;;;;;;;;;
A41010;;;;;;;;;;;;;;;;
A41011;;;;;;;;;;;;;;;;
A41101;;;;;;;;;;;;;;;;
A42001;;;;;;;;;;;;;;;;
A42002;888;510;14;496;85;16;46;95;22;26;53;70;50;23;10;0
A42003;;;;;;;;;;;;;;;;
A42004;;;;;;;;;;;;;;;;
A42005;;;;;;;;;;;;;;;;
A42006;;;;;;;;;;;;;;;;
A42007;;;;;;;;;;;;;;;;
A42008;;;;;;;;;;;;;;;;
A42009;2227;1301;25;1276;191;73;140;207;87;85;88;191;116;65;33;0
A42010;;;;;;;;;;;;;;;;
A42011;;;;;;;;;;;;;;;;
A42012;;;;;;;;;;;;;;;;
A42013;;;;;;;;;;;;;;;;
A42014;;;;;;;;;;;;;;;;
A42015;;;;;;;;;;;;;;;;
A42016;;;;;;;;;;;;;;;;
A42017;;;;;;;;;;;;;;;;
A42018;691;449;15;434;57;28;49;62;29;28;31;73;50;20;7;0
A43001;;;;;;;;;;;;;;;;
A43002;;;;;;;;;;;;;;;;
A43003;1448;822;23;799;185;22;43;114;46;49;52;138;108;29;13;0
A43004;607;347;13;334;63;8;25;47;11;17;39;75;31;8;10;0
A43005;641;405;11;394;58;22;35;43;28;22;38;73;58;11;6;0
A43006;;;;;;;;;;;;;;;;
A43007;548;306;14;292;45;13;21;34;13;11;42;50;55;6;2;0
A43008;985;614;11;603;83;29;48;112;31;36;47;105;66;28;18;0
A43009;;;;;;;;;;;;;;;;
A43010;740;409;10;399;83;17;36;33;25;10;49;68;58;16;4;0
A43011;735;469;21;448;82;21;34;73;27;22;44;67;48;19;11;0
A43012;;;;;;;;;;;;;;;;
A43013;613;395;11;384;78;14;31;40;17;24;23;85;51;13;8;0
A43014;;;;;;;;;;;;;;;;
A43015;517;318;8;310;59;17;18;47;16;10;21;46;49;18;9;0
A43016;1315;858;20;838;171;30;73;136;50;31;68;155;85;17;22;0
A43017;1453;900;22;878;152;58;87;145;60;41;63;145;84;26;17;0
A43018;;;;;;;;;;;;;;;;
A43019;1205;704;28;676;132;29;54;87;56;26;63;119;89;14;7;0
A43020;;;;;;;;;;;;;;;;
A43021;;;;;;;;;;;;;;;;
A44001;;;;;;;;;;;;;;;;
A44002;;;;;;;;;;;;;;;;
A44003;1529;871;14;857;147;42;62;130;58;56;55;157;101;32;17;0
A44004;;;;;;;;;;;;;;;;
A44005;;;;;;;;;;;;;;;;
A44006;;;;;;;;;;;;;;;;
A45001;2053;1115;40;1075;199;39;68;131;70;55;105;187;169;30;22;0
A45002;;;;;;;;;;;;;;;;
A45003;1167;656;17;639;122;20;42;70;39;32;65;105;119;13;12;0
A45004;;;;;;;;;;;;;;;;
A45005;670;392;16;376;58;15;26;32;24;15;44;88;53;7;14;0
A45006;;;;;;;;;;;;;;;;
A45007;;;;;;;;;;;;;;;;
A45008;899;548;19;529;86;23;33;92;27;23;58;82;79;18;8;0
A45009;1039;609;21;588;120;15;41;81;39;32;49;91;84;24;12;0
A45010;956;517;22;495;73;12;26;67;28;22;45;76;119;14;13;0
A45011;;;;;;;;;;;;;;;;
A45012;1116;581;12;569;110;21;36;58;32;32;53;132;77;13;5;0
A45013;;;;;;;;;;;;;;;;
A46101;1527;961;26;935;167;43;80;193;37;40;68;133;93;66;15;0
A46102;;;;;;;;;;;;;;;;
A46103;1684;1016;27;989;188;32;87;174;51;59;77;142;116;50;13;0
A46104;1611;909;24;885;153;36;87;117;52;63;85;133;96;46;17;0
A46105;;;;;;;;;;;;;;;;
A46106;;;;;;;;;;;;;;;;
A46107;1263;751;20;731;111;25;59;126;48;45;76;121;86;19;15;0
A46108;;;;;;;;;;;;;;;;
A46111;;;;;;;;;;;;;;;;
A46112;1801;1117;31;1086;205;61;78;217;70;64;61;169;93;41;27;0
A46113;791;459;18;441;53;23;12;59;25;32;33;88;69;39;8;0
A46114;2238;1273;34;1239;318;41;95;140;76;75;93;183;165;30;23;0
A46115;350;203;5;198;28;8;9;21;7;13;22;43;35;8;4;0
A46116;436;253;11;242;61;10;12;33;12;4;27;30;44;4;5;0
A46117;686;405;8;397;78;14;18;52;16;31;25;72;70;17;4;0
A46118;1515;805;21;784;127;20;47;95;50;61;69;203;96;10;6;0
A46119;1030;647;20;627;90;26;37;100;31;49;56;124;69;35;10;0
A46120;943;532;24;508;93;23;28;74;23;24;44;103;78;14;4;0
A46121;867;508;22;486;69;12;34;63;39;27;42;99;78;13;10;0
A46122;;;;;;;;;;;;;;;;
A46123;;;;;;;;;;;;;;;;
A46124;;;;;;;;;;;;;;;;
A46125;831;526;23;503;66;29;24;111;31;19;45;77;59;32;10;0
A46126;;;;;;;;;;;;;;;;
A46127;59;46;0;46;9;5;0;11;1;6;2;4;4;2;2;0
A46128;;;;;;;;;;;;;;;;
A46129;829;495;10;485;88;19;25;76;24;25;43;77;72;27;9;0
A46130;;;;;;;;;;;;;;;;
A46109;;;;;;;;;;;;;;;;
A46110;2211;1228;41;1187;358;32;86;162;52;49;93;180;97;56;22;0
A47901;1014;610;16;594;113;17;33;99;30;35;56;80;74;40;17;0
A47902;1742;1192;24;1168;133;68;59;295;49;45;51;137;59;210;62;0
A47903;1975;1041;49;992;198;28;55;167;46;49;83;156;126;63;21;0
A47904;2136;1352;28;1324;188;67;65;352;52;48;73;191;80;150;58;0
A47905;942;539;20;519;86;14;43;77;31;37;30;95;63;34;9;0
A47906;1187;643;23;620;134;28;38;89;25;24;57;115;66;32;12;0
A47907;1069;647;21;626;97;26;36;99;27;35;55;124;78;41;8;0
A47908;;;;;;;;;;;;;;;;
A47909;742;407;6;401;58;13;28;41;10;12;40;89;81;24;5;0
A47910;1865;920;32;888;135;18;51;147;45;42;77;174;115;65;19;0
A47911;;;;;;;;;;;;;;;;
A47912;1475;818;17;801;157;38;63;109;45;32;74;141;92;43;7;0
A47913;1158;631;12;619;89;43;31;94;34;34;67;118;54;44;11;0
A47914;1191;732;21;711;136;22;33;117;35;40;74;138;84;21;11;0
A47915;1020;541;14;527;104;24;42;81;30;15;36;95;57;25;18;0
A47916;1503;863;18;845;140;39;58;113;55;49;83;173;98;21;16;0
A47917;776;437;12;425;56;10;49;69;21;12;35;74;75;16;8;0
A47918;77;64;3;61;7;3;1;19;4;2;5;7;3;9;1;0
A47919;;;;;;;;;;;;;;;;
A48001;;;;;;;;;;;;;;;;
A48002;1484;856;23;833;167;34;61;122;31;42;67;122;111;58;18;0
A48003;75;58;0;58;4;1;5;10;1;4;6;16;6;3;2;0
A48004;1609;1055;17;1038;207;48;48;169;45;70;75;172;130;57;17;0
A48005;1292;773;24;749;164;23;36;122;22;31;62;126;99;46;18;0
A48006;1085;634;17;617;121;20;42;92;31;31;36;119;78;39;8;0
A48007;;;;;;;;;;;;;;;;
A48008;;;;;;;;;;;;;;;;
A48009;808;483;14;469;80;26;35;80;21;35;46;50;59;25;12;0
A48010;1571;862;15;847;169;33;57;117;36;49;81;140;110;36;19;0
A48201;1758;917;41;876;159;41;64;125;59;46;88;133;117;28;16;0
A48202;1877;1146;36;1110;242;49;72;225;47;57;83;151;100;57;27;0
A48203;;;;;;;;;;;;;;;;
A48204;1468;995;40;955;196;52;73;134;64;67;70;167;82;27;23;0
A48205;;;;;;;;;;;;;;;;
A49201;2200;1272;28;1244;205;36;147;192;43;68;86;125;202;108;32;0
A49202;;;;;;;;;;;;;;;;
A49203;829;530;2;528;63;9;31;82;7;36;39;64;139;42;16;0
A51001;;;;;;;;;;;;;;;;
A51002;;;;;;;;;;;;;;;;
A51003;;;;;;;;;;;;;;;;
A51004;;;;;;;;;;;;;;;;
A51005;;;;;;;;;;;;;;;;
A51006;2522;1562;39;1523;280;72;146;142;130;111;102;358;120;37;25;0
A51007;;;;;;;;;;;;;;;;
A51008;346;236;7;229;52;9;16;38;18;10;14;46;20;5;1;0
A51009;;;;;;;;;;;;;;;;
A51010;;;;;;;;;;;;;;;;
A51011;;;;;;;;;;;;;;;;
A51012;;;;;;;;;;;;;;;;
A51013;;;;;;;;;;;;;;;;
A51014;1288;788;28;760;142;34;46;70;54;29;82;178;98;18;9;0
A51015;;;;;;;;;;;;;;;;
A51016;;;;;;;;;;;;;;;;
A51017;616;362;14;348;59;11;20;24;22;14;59;67;62;6;4;0
A51018;597;323;15;308;35;6;15;10;28;13;45;78;68;5;5;0
A51019;642;341;12;329;46;6;15;19;32;19;22;99;64;6;1;0
A51020;;;;;;;;;;;;;;;;
A51021;;;;;;;;;;;;;;;;
A51022;;;;;;;;;;;;;;;;
A53001;598;319;7;312;30;8;4;12;16;3;27;107;99;2;4;0
A53002;1457;721;15;706;76;18;34;39;37;29;88;209;161;8;7;0
A53003;1737;998;28;970;155;42;89;99;92;55;89;199;99;34;17;0
A53004;;;;;;;;;;;;;;;;
A53005;855;518;15;503;76;21;30;57;26;27;48;129;74;10;5;0
A53006;;;;;;;;;;;;;;;;
A53007;2332;1127;32;1095;195;31;72;90;60;48;125;269;189;8;8;0
A54001;1579;722;9;713;117;28;44;51;41;33;80;175;114;23;7;0
A54002;;;;;;;;;;;;;;;;
A54003;;;;;;;;;;;;;;;;
A54004;;;;;;;;;;;;;;;;
A54005;2975;1684;46;1638;399;66;124;196;111;99;129;290;147;51;26;0
A54006;2207;1175;37;1138;253;41;83;144;80;60;128;185;95;45;24;0
A54007;1314;695;23;672;97;13;54;36;47;26;66;181;144;2;6;0
A54008;439;269;7;262;42;5;14;27;10;12;25;79;37;5;6;0
A54009;378;170;2;168;20;3;7;8;18;2;15;59;31;2;3;0
A54010;;;;;;;;;;;;;;;;
A54011;373;225;13;212;27;6;15;18;14;9;18;63;35;4;3;0
A54012;785;454;12;442;85;12;35;46;18;18;30;117;64;15;2;0
A54013;2477;1288;28;1260;165;30;98;94;68;37;101;372;269;20;6;0
A54014;949;520;13;507;62;5;37;26;43;13;49;168;98;2;4;0
A54015;515;293;7;286;24;9;22;16;19;10;19;97;62;7;1;0
A54016;583;309;5;304;24;1;17;19;18;6;31;118;66;4;0;0
A54017;1444;865;29;836;91;20;92;59;58;34;58;278;127;10;9;0
A55001;527;330;11;319;36;6;17;28;17;17;27;121;45;4;1;0
A55002;367;209;7;202;18;7;15;15;14;9;24;66;32;1;1;0
A55003;414;205;5;200;26;0;12;20;12;10;23;49;42;4;2;0
A55004;2971;1593;46;1547;255;28;105;115;90;73;125;472;237;28;19;0
A55005;685;365;13;352;46;7;20;31;26;13;37;88;69;11;4;0
A55006;;;;;;;;;;;;;;;;
A55007;748;400;8;392;61;8;18;20;23;10;50;95;94;2;11;0
A55008;632;348;11;337;56;8;22;42;15;14;28;93;43;10;6;0
A55009;409;266;0;266;39;14;18;27;15;21;27;67;31;3;4;0
A55010;;;;;;;;;;;;;;;;
A55011;388;235;3;232;24;1;8;13;19;9;25;90;35;6;2;0
A55012;;;;;;;;;;;;;;;;
A55013;2248;909;30;879;214;42;67;126;72;49;78;138;50;31;12;0
A55014;;;;;;;;;;;;;;;;
A55015;;;;;;;;;;;;;;;;
A55016;;;;;;;;;;;;;;;;
A55017;;;;;;;;;;;;;;;;
A55018;3265;1708;48;1660;300;60;175;197;140;86;113;373;133;58;25;0
A55019;;;;;;;;;;;;;;;;
A55020;2417;1037;43;994;233;46;63;130;46;34;103;145;102;71;21;0
A55021;;;;;;;;;;;;;;;;
A55022;;;;;;;;;;;;;;;;
A56101;;;;;;;;;;;;;;;;
A56102;271;233;3;230;48;7;17;58;9;11;6;31;10;25;8;0
A56103;1573;890;31;859;125;30;80;73;85;37;100;192;104;22;11;0
A56104;;;;;;;;;;;;;;;;
A56105;;;;;;;;;;;;;;;;
A56106;1133;610;17;593;77;18;58;74;68;18;46;153;60;7;14;0
A56112;;;;;;;;;;;;;;;;
A56107;;;;;;;;;;;;;;;;
A56113;;;;;;;;;;;;;;;;
A56108;;;;;;;;;;;;;;;;
A56114;;;;;;;;;;;;;;;;
A56115;;;;;;;;;;;;;;;;
A56116;31;24;0;24;5;2;2;0;0;0;0;6;9;0;0;0
A56109;1084;595;17;578;75;24;33;57;40;24;43;181;86;10;5;0
A56110;;;;;;;;;;;;;;;;
A56111;;;;;;;;;;;;;;;;
A56117;811;534;17;517;77;15;28;55;37;24;31;160;74;10;6;0
A56118;583;376;5;371;46;18;30;35;32;16;30;94;56;7;7;0
A56119;587;353;7;346;31;13;30;24;25;12;19;117;64;7;4;0
A56120;1148;681;20;661;109;15;66;66;64;31;41;156;89;10;14;0
A56121;730;434;14;420;64;9;26;29;22;9;32;154;69;5;1;0
A56122;918;561;12;549;84;15;40;41;43;27;40;155;89;8;7;0
A56123;833;479;13;466;43;12;33;31;22;13;49;156;100;1;6;0
A56124;1616;922;30;892;130;29;66;88;43;43;90;242;134;20;7;0
A56301;553;371;7;364;40;12;41;30;19;19;30;120;33;15;5;0
A56302;;;;;;;;;;;;;;;;
A57301;;;;;;;;;;;;;;;;
A57302;396;259;4;255;39;3;19;25;29;13;22;63;36;4;2;0
A57303;827;520;13;507;72;9;31;24;31;21;41;163;100;5;10;0
A57304;1161;644;13;631;78;12;34;45;51;27;42;198;128;8;8;0
A57305;470;289;11;278;19;4;26;26;15;7;27;101;47;4;2;0
A57306;;;;;;;;;;;;;;;;
A57307;751;428;15;413;38;5;22;12;35;17;36;162;78;4;4;0
A57308;984;613;21;592;59;16;39;47;50;14;51;217;87;6;6;0
A57309;;;;;;;;;;;;;;;;
A57310;1420;832;24;808;102;15;44;60;56;26;43;305;136;10;11;0
A57311;1353;726;20;706;116;27;49;55;50;27;64;189;112;13;4;0
A57312;550;350;10;340;26;9;26;23;21;16;33;120;63;2;1;0
A57313;;;;;;;;;;;;;;;;
A57314;1700;946;25;921;110;25;85;80;49;49;89;212;197;13;12;0
A57315;;;;;;;;;;;;;;;;
A57316;747;415;5;410;29;12;23;18;28;30;40;124;98;2;6;0
A57317;672;343;5;338;38;14;17;27;26;13;43;106;47;4;3;0
A57318;;;;;;;;;;;;;;;;
A57319;1424;792;15;777;76;14;53;35;56;31;84;229;177;11;11;0
A57320;;;;;;;;;;;;;;;;
A57321;614;353;15;338;45;7;16;28;23;8;25;126;55;4;1;0
A57322;;;;;;;;;;;;;;;;
A57323;816;456;8;448;47;10;14;27;27;18;48;160;87;3;7;0
A57501;889;520;11;509;55;7;33;33;32;14;29;218;78;4;6;0
A57502;386;234;4;230;31;9;11;25;14;9;10;87;26;4;4;0
A57503;;;;;;;;;;;;;;;;
A57504;654;372;6;366;47;6;15;27;22;10;19;120;73;22;5;0
A57505;;;;;;;;;;;;;;;;
A57506;489;277;6;271;15;8;24;8;15;8;20;125;46;1;1;0
A57507;1229;680;30;650;99;17;43;53;50;24;68;205;73;14;4;0
A57508;350;229;4;225;14;1;11;18;22;17;15;97;22;6;2;0
A57509;561;329;16;313;29;10;23;25;18;9;56;102;38;2;1;0
A57510;;;;;;;;;;;;;;;;
A57511;515;329;6;323;25;7;19;29;35;18;29;112;38;5;6;0
A57512;;;;;;;;;;;;;;;;
A57513;1030;626;13;613;74;21;57;80;40;23;48;174;72;17;7;0
A57514;1058;604;16;588;99;18;43;56;51;26;53;148;73;10;11;0
A57515;1433;809;29;780;95;31;53;61;70;30;80;194;144;11;11;0
A57516;2012;1408;27;1381;227;106;183;186;102;87;74;260;94;37;25;0
A57517;;;;;;;;;;;;;;;;
A57518;1616;990;29;961;110;33;75;129;72;41;101;192;171;22;15;0
A57519;935;556;15;541;81;21;78;52;38;25;43;126;56;9;12;0
A58001;832;505;14;491;61;20;25;40;40;23;47;125;87;13;10;0
A58002;692;421;15;406;40;15;38;28;24;22;35;123;71;4;6;0
A58003;348;254;7;247;26;10;17;28;24;8;18;67;41;4;4;0
A58004;1175;702;15;687;81;23;58;76;46;19;63;171;115;14;21;0
A58005;;;;;;;;;;;;;;;;
A58006;1221;741;24;717;59;30;53;108;47;32;79;172;89;26;22;0
A58007;1397;891;24;867;163;50;98;122;112;47;58;125;49;24;19;0
A58008;;;;;;;;;;;;;;;;
A58009;1205;816;19;797;85;36;68;96;52;59;65;196;102;28;10;0
A58010;1032;690;27;663;93;27;78;78;45;46;60;136;73;14;13;0
A58011;;;;;;;;;;;;;;;;
A58012;2142;1300;21;1279;158;116;170;113;162;145;61;227;67;37;23;0
A58013;;;;;;;;;;;;;;;;
A58014;1743;1043;27;1016;157;66;119;205;70;59;70;139;52;47;32;0
A58015;;;;;;;;;;;;;;;;
A58016;;;;;;;;;;;;;;;;
A58017;;;;;;;;;;;;;;;;
A58018;1603;1034;25;1009;178;48;123;143;86;67;63;187;82;20;12;0
A60701;1776;1036;26;1010;135;45;99;101;64;66;101;234;122;29;14;0
A60702;1470;964;34;930;126;37;97;96;55;32;69;254;126;28;10;0
A60703;;;;;;;;;;;;;;;;
A60704;846;534;20;514;87;19;46;46;48;16;62;101;57;25;7;0
A60705;;;;;;;;;;;;;;;;
A60706;;;;;;;;;;;;;;;;
A60707;946;609;24;585;72;32;68;67;53;31;50;132;50;20;10;0
A60708;;;;;;;;;;;;;;;;
A61501;;;;;;;;;;;;;;;;
A61502;;;;;;;;;;;;;;;;
A61503;2161;1283;51;1232;259;75;126;229;83;71;79;149;74;63;24;0
A61504;;;;;;;;;;;;;;;;
A61505;;;;;;;;;;;;;;;;
A61506;;;;;;;;;;;;;;;;
A61507;;;;;;;;;;;;;;;;
A61508;549;336;18;318;32;19;32;36;23;14;49;57;49;6;1;0
A61509;;;;;;;;;;;;;;;;
A61510;;;;;;;;;;;;;;;;
A61511;1465;961;22;939;170;53;64;123;71;70;84;185;88;22;9;0
A61512;;;;;;;;;;;;;;;;
A61513;;;;;;;;;;;;;;;;
A61514;;;;;;;;;;;;;;;;
A61515;;;;;;;;;;;;;;;;
A61516;;;;;;;;;;;;;;;;
A61517;;;;;;;;;;;;;;;;
A61518;;;;;;;;;;;;;;;;
A61519;;;;;;;;;;;;;;;;
A61520;;;;;;;;;;;;;;;;
A61521;;;;;;;;;;;;;;;;
A61522;;;;;;;;;;;;;;;;
A62101;;;;;;;;;;;;;;;;
A62102;;;;;;;;;;;;;;;;
A62103;;;;;;;;;;;;;;;;
A62104;;;;;;;;;;;;;;;;
A62105;;;;;;;;;;;;;;;;
A62106;;;;;;;;;;;;;;;;
A62107;;;;;;;;;;;;;;;;
A62108;;;;;;;;;;;;;;;;
A62109;786;441;12;429;41;18;40;40;21;16;55;107;74;8;9;0
A62110;911;523;14;509;87;17;42;60;29;26;49;109;73;7;10;0
A62111;;;;;;;;;;;;;;;;
A62112;135;88;2;86;9;1;8;7;5;1;8;21;24;2;0;0
A62113;;;;;;;;;;;;;;;;
A62114;;;;;;;;;;;;;;;;
A62115;1181;694;19;675;95;18;56;64;32;32;80;173;89;27;9;0
A63020;919;499;17;482;56;16;35;54;27;29;61;108;64;26;6;0
A63021;716;415;8;407;66;15;43;32;29;31;42;87;53;6;3;0
A63022;1158;710;24;686;117;27;57;64;52;26;62;212;50;12;7;0
A63023;1414;672;26;646;115;21;45;56;43;24;80;134;110;15;3;0
A63024;927;512;19;493;82;14;26;36;28;21;57;124;90;7;8;0
A63025;698;373;9;364;44;11;27;35;17;18;71;73;58;4;6;0
A63026;;;;;;;;;;;;;;;;
A63027;1760;1020;33;987;132;27;59;76;81;53;91;284;154;25;5;0
A63028;763;431;11;420;48;11;16;24;32;18;42;151;68;8;2;0
A63029;2304;1198;37;1161;192;30;71;108;94;51;116;320;154;17;8;0
A63030;554;285;7;278;42;9;14;16;12;5;43;76;50;10;1;0
A63031;329;192;5;187;15;9;13;15;12;5;7;74;34;3;0;0
A63032;;;;;;;;;;;;;;;;
A63033;;;;;;;;;;;;;;;;
A63034;;;;;;;;;;;;;;;;
A63001;;;;;;;;;;;;;;;;
A63002;;;;;;;;;;;;;;;;
A63003;;;;;;;;;;;;;;;;
A63004;;;;;;;;;;;;;;;;
A63005;;;;;;;;;;;;;;;;
A63006;;;;;;;;;;;;;;;;
A63007;;;;;;;;;;;;;;;;
A63008;;;;;;;;;;;;;;;;
A63009;;;;;;;;;;;;;;;;
A63010;542;366;6;360;39;36;31;90;20;23;18;42;22;26;13;0
A63011;;;;;;;;;;;;;;;;
A63012;;;;;;;;;;;;;;;;
A63013;;;;;;;;;;;;;;;;
A63014;;;;;;;;;;;;;;;;
A63015;;;;;;;;;;;;;;;;
A63016;;;;;;;;;;;;;;;;
A63017;3423;2163;40;2123;378;151;207;337;152;177;129;294;151;94;53;0
A63018;504;365;7;358;54;30;14;83;12;6;17;56;25;35;26;0
A63019;;;;;;;;;;;;;;;;
A65701;;;;;;;;;;;;;;;;
A65702;;;;;;;;;;;;;;;;
A65703;;;;;;;;;;;;;;;;
A65704;;;;;;;;;;;;;;;;
A65705;;;;;;;;;;;;;;;;
A65706;;;;;;;;;;;;;;;;
A65707;;;;;;;;;;;;;;;;
A65708;1578;1004;21;983;117;96;78;263;77;49;39;91;22;97;54;0
A65709;;;;;;;;;;;;;;;;
A65710;;;;;;;;;;;;;;;;
A65711;843;533;11;522;71;38;38;91;41;39;36;67;58;28;15;0
A65712;1532;979;24;955;173;61;71;178;47;48;52;138;110;56;21;0
A65713;;;;;;;;;;;;;;;;
A65714;;;;;;;;;;;;;;;;
A65715;;;;;;;;;;;;;;;;
A65716;;;;;;;;;;;;;;;;
A65717;;;;;;;;;;;;;;;;
A65718;;;;;;;;;;;;;;;;
A65719;;;;;;;;;;;;;;;;
A65720;;;;;;;;;;;;;;;;
A65721;;;;;;;;;;;;;;;;
A65722;;;;;;;;;;;;;;;;
A65723;;;;;;;;;;;;;;;;
A65724;;;;;;;;;;;;;;;;
A65725;;;;;;;;;;;;;;;;
A65726;;;;;;;;;;;;;;;;
A66101;;;;;;;;;;;;;;;;
A66102;;;;;;;;;;;;;;;;
A66103;3146;2094;32;2062;237;108;121;465;85;135;105;298;223;205;80;0
A66104;;;;;;;;;;;;;;;;
A66105;;;;;;;;;;;;;;;;
A66106;;;;;;;;;;;;;;;;
A66107;;;;;;;;;;;;;;;;
A66108;2682;1564;48;1516;233;71;98;291;89;70;115;196;226;78;49;0
A66109;;;;;;;;;;;;;;;;
A66110;;;;;;;;;;;;;;;;
A66501;109;74;3;71;10;3;6;11;2;5;5;11;5;12;1;0
A66502;1889;951;26;925;164;30;38;121;49;34;100;190;146;30;23;0
A66503;;;;;;;;;;;;;;;;
A66504;;;;;;;;;;;;;;;;
A66505;1611;800;17;783;100;20;50;99;37;40;81;186;126;35;9;0
A66506;;;;;;;;;;;;;;;;
A66507;1887;970;27;943;202;26;36;133;48;49;119;128;156;29;17;0
A66508;;;;;;;;;;;;;;;;
A66509;1363;742;13;729;126;26;46;111;46;42;64;132;84;44;8;0
A67101;1111;559;12;547;108;10;17;52;27;28;48;80;156;16;5;0
A67102;861;446;9;437;64;11;15;49;41;12;54;42;119;18;12;0
A67103;1076;566;22;544;94;10;22;41;29;31;55;69;177;10;6;0
A67104;1997;1062;25;1037;186;36;57;130;75;51;101;199;143;46;13;0
A67105;1152;634;11;623;112;25;36;62;54;29;71;85;123;21;5;0
A67106;1047;564;16;548;91;15;15;51;22;18;71;78;155;20;12;0
A70601;;;;;;;;;;;;;;;;
A70602;;;;;;;;;;;;;;;;
A70603;;;;;;;;;;;;;;;;
A70604;1978;1039;34;1005;206;41;80;106;78;44;115;152;143;24;16;0
A70605;634;311;7;304;42;9;11;26;18;17;47;44;78;6;6;0
A70606;;;;;;;;;;;;;;;;
A70607;;;;;;;;;;;;;;;;
A70608;;;;;;;;;;;;;;;;
A70701;2823;1272;42;1230;277;43;94;252;79;69;114;122;71;83;26;0
A70702;;;;;;;;;;;;;;;;
A70703;;;;;;;;;;;;;;;;
A70704;644;411;11;400;58;20;35;45;26;25;44;57;69;16;5;0
A70705;909;485;18;467;72;15;40;28;33;22;64;76;96;17;4;0
A70706;1000;564;18;546;88;20;37;74;46;23;63;70;106;12;7;0
A70707;1803;1088;30;1058;188;41;79;131;63;66;78;191;166;31;24;0
A70708;;;;;;;;;;;;;;;;
A70709;;;;;;;;;;;;;;;;
A70710;;;;;;;;;;;;;;;;
A71001;;;;;;;;;;;;;;;;
A71002;;;;;;;;;;;;;;;;
A71003;;;;;;;;;;;;;;;;
A71004;;;;;;;;;;;;;;;;
A71005;;;;;;;;;;;;;;;;
A71006;758;421;8;413;75;20;18;52;27;27;44;52;70;22;6;0
A71007;;;;;;;;;;;;;;;;
A71008;;;;;;;;;;;;;;;;
A71009;1567;1042;39;1003;161;67;103;139;94;63;72;133;123;26;22;0
A71010;;;;;;;;;;;;;;;;
A71011;1450;895;15;880;116;61;52;148;63;52;66;131;131;32;28;0
A71012;;;;;;;;;;;;;;;;
A71013;;;;;;;;;;;;;;;;
A71014;1325;887;11;876;118;72;56;142;78;58;57;127;95;46;27;0
A72701;;;;;;;;;;;;;;;;
A72702;2624;1495;37;1458;251;59;146;149;108;58;122;245;259;42;19;0
A72703;1424;859;28;831;146;35;74;129;55;29;85;96;128;41;13;0
A72704;;;;;;;;;;;;;;;;
A72705;894;497;15;482;61;16;54;48;21;20;63;99;76;20;4;0
A72706;881;471;12;459;70;38;37;63;30;27;30;75;38;36;15;0
A72707;;;;;;;;;;;;;;;;
A72708;345;239;2;237;27;10;16;31;16;20;9;47;36;15;10;0
A72709;;;;;;;;;;;;;;;;
A72710;982;637;6;631;92;56;45;133;28;39;30;115;41;35;17;0
A73016;;;;;;;;;;;;;;;;
A73017;822;488;18;470;78;21;38;68;21;25;33;75;66;28;17;0
A73018;987;594;15;579;113;33;45;91;29;22;38;87;74;33;14;0
A73001;965;606;13;593;91;42;34;90;35;34;35;114;59;42;17;0
A73002;119;100;4;96;4;9;9;16;5;9;1;28;5;6;4;0
A73003;59;48;1;47;12;1;1;3;5;4;3;5;12;0;1;0
A73004;;;;;;;;;;;;;;;;
A73005;335;246;1;245;34;13;18;51;9;16;15;34;19;32;4;0
A73006;1735;1090;22;1068;129;80;88;170;79;90;56;194;93;57;32;0
A73007;;;;;;;;;;;;;;;;
A73008;1442;1132;17;1115;146;113;80;348;61;63;21;104;41;90;48;0
A73009;;;;;;;;;;;;;;;;
A73010;;;;;;;;;;;;;;;;
A73011;;;;;;;;;;;;;;;;
A73019;;;;;;;;;;;;;;;;
A73020;;;;;;;;;;;;;;;;
A73021;;;;;;;;;;;;;;;;
A73022;;;;;;;;;;;;;;;;
A73023;;;;;;;;;;;;;;;;
A73012;;;;;;;;;;;;;;;;
A73013;;;;;;;;;;;;;;;;
A73024;;;;;;;;;;;;;;;;
A73014;;;;;;;;;;;;;;;;
A73015;145;103;1;102;17;7;5;21;3;10;5;15;9;8;2;0
A73025;;;;;;;;;;;;;;;;
A73026;;;;;;;;;;;;;;;;
A73027;;;;;;;;;;;;;;;;
A73028;;;;;;;;;;;;;;;;
A73029;;;;;;;;;;;;;;;;
A73030;;;;;;;;;;;;;;;;
A74001;;;;;;;;;;;;;;;;
A74002;2983;1804;49;1755;328;105;217;254;137;123;111;251;104;90;35;0
A74003;;;;;;;;;;;;;;;;
A74004;1355;838;17;821;72;53;88;97;54;49;71;168;125;30;14;0
A74005;853;587;8;579;65;29;32;119;40;35;39;88;80;32;20;0
A74006;2815;1693;44;1649;272;85;150;209;123;88;127;310;192;57;36;0
A74007;;;;;;;;;;;;;;;;
A74008;2575;1527;35;1492;225;93;120;224;91;97;139;254;140;75;34;0
A74009;;;;;;;;;;;;;;;;
A74010;536;396;11;385;54;33;27;75;17;13;32;56;41;25;12;0
A74011;1233;427;17;410;96;21;23;59;24;14;41;22;27;61;22;0
A74012;387;246;10;236;38;8;22;24;20;16;30;41;21;7;9;0
A74013;;;;;;;;;;;;;;;;
A74014;2933;1540;53;1487;266;57;192;155;96;67;117;269;223;30;15;0
A74015;1446;905;24;881;74;27;165;58;73;43;76;221;118;11;15;0
A74016;1181;755;15;740;79;48;112;64;61;62;72;162;53;16;11;0
A74017;458;264;11;253;32;12;14;25;18;6;31;56;54;1;4;0
A74018;917;523;23;500;76;13;53;62;46;36;55;88;54;15;2;0
A74019;;;;;;;;;;;;;;;;
A74020;1231;674;24;650;81;26;44;92;39;31;63;144;101;22;7;0
A74021;1060;610;19;591;63;15;48;81;45;38;52;135;84;16;14;0
A74022;;;;;;;;;;;;;;;;
A74023;1294;780;16;764;91;45;70;91;75;38;55;184;72;30;13;0
A74024;;;;;;;;;;;;;;;;
A74025;;;;;;;;;;;;;;;;
A74026;2006;1142;37;1105;148;33;83;124;74;57;121;264;154;26;21;0
A74027;1395;860;26;834;103;30;110;86;72;32;71;223;92;8;7;0
A74028;2387;1294;42;1252;199;43;95;112;98;82;117;255;210;27;14;0
A74029;1147;635;19;616;80;32;37;67;43;42;74;122;93;17;9;0
A74030;988;549;24;525;67;11;33;49;37;22;68;108;102;12;16;0
A74101;709;393;17;376;66;7;28;36;28;21;38;83;53;9;7;0
A74102;;;;;;;;;;;;;;;;
A74601;;;;;;;;;;;;;;;;
A74602;;;;;;;;;;;;;;;;
A74603;1369;871;25;846;111;31;44;106;43;36;73;211;147;29;15;0
A74604;928;490;10;480;36;15;17;55;48;10;50;136;93;16;4;0
A74605;;;;;;;;;;;;;;;;
A74606;;;;;;;;;;;;;;;;
A74607;1250;681;21;660;76;10;66;86;34;30;51;188;114;2;3;0
A74608;;;;;;;;;;;;;;;;
A74609;1572;909;20;889;143;41;79;139;107;35;50;163;96;16;20;0
A74610;1259;821;22;799;113;36;76;86;81;24;65;175;119;15;9;0
A74611;1345;838;14;824;137;24;41;152;51;27;57;192;113;25;5;0
A74612;;;;;;;;;;;;;;;;
A75101;1573;1016;24;992;96;38;88;114;92;35;62;283;167;8;9;0
A75102;2236;1301;36;1265;163;37;127;151;103;41;92;252;263;29;7;0
A75103;618;410;6;404;44;8;34;91;16;18;27;58;91;16;1;0
A75104;;;;;;;;;;;;;;;;
A75105;;;;;;;;;;;;;;;;
A75111;;;;;;;;;;;;;;;;
A75112;;;;;;;;;;;;;;;;
A75106;;;;;;;;;;;;;;;;
A75138;;;;;;;;;;;;;;;;
A75107;;;;;;;;;;;;;;;;
A75108;;;;;;;;;;;;;;;;
A75109;;;;;;;;;;;;;;;;
A75139;;;;;;;;;;;;;;;;
A75113;;;;;;;;;;;;;;;;
A75114;1671;945;26;919;131;25;82;120;54;28;67;187;202;20;3;0
A75115;;;;;;;;;;;;;;;;
A75140;;;;;;;;;;;;;;;;
A75141;;;;;;;;;;;;;;;;
A75125;;;;;;;;;;;;;;;;
A75126;1740;1033;25;1008;125;32;54;102;75;49;87;207;241;23;13;0
A75116;3369;1803;50;1753;210;48;136;143;134;74;151;408;393;37;19;0
A75117;;;;;;;;;;;;;;;;
A75118;;;;;;;;;;;;;;;;
A75127;2369;1455;34;1421;199;61;172;151;111;48;102;234;291;27;25;0
A75119;;;;;;;;;;;;;;;;
A75120;;;;;;;;;;;;;;;;
A75121;;;;;;;;;;;;;;;;
A75122;2763;1656;36;1620;225;122;161;231;151;135;98;245;155;60;37;0
A75142;1361;765;22;743;105;21;60;69;57;34;86;109;163;27;12;0
A75128;;;;;;;;;;;;;;;;
A75129;1117;637;6;631;77;27;50;93;49;40;49;134;82;19;11;0
A75130;;;;;;;;;;;;;;;;
A75143;;;;;;;;;;;;;;;;
A75131;969;612;17;595;64;35;47;80;67;25;43;118;78;26;12;0
A75144;981;603;13;590;53;38;53;107;29;27;38;107;94;26;18;0
A75145;1129;759;10;749;95;48;48;149;49;44;57;99;73;59;28;0
A75146;1507;1032;24;1008;191;58;100;170;70;74;53;158;83;41;10;0
A75147;914;546;25;521;66;38;45;90;42;29;35;91;62;16;7;0
A75132;;;;;;;;;;;;;;;;
A75133;763;409;14;395;54;8;31;54;28;13;39;68;80;11;9;0
A75134;1230;852;24;828;136;47;77;129;41;58;48;126;105;43;18;0
A75148;2072;1206;20;1186;129;30;78;121;86;54;104;258;277;31;18;0
A75123;968;539;22;517;49;14;33;65;20;24;46;93;146;24;3;0
A75135;1570;1078;29;1049;135;53;208;119;98;52;61;181;98;22;22;0
A75124;;;;;;;;;;;;;;;;
A75149;;;;;;;;;;;;;;;;
A75110;;;;;;;;;;;;;;;;
A75136;897;642;14;628;71;46;45;108;49;39;34;128;71;26;11;0
A75137;361;250;8;242;31;17;13;52;8;8;9;26;30;34;14;0
A75601;2298;1335;32;1303;233;78;119;210;61;107;91;224;68;80;32;0
A75602;2903;1911;31;1880;283;144;190;347;150;143;76;302;104;94;47;0
A75603;;;;;;;;;;;;;;;;
A75604;;;;;;;;;;;;;;;;
A75605;;;;;;;;;;;;;;;;
A75606;;;;;;;;;;;;;;;;
A75607;2831;2079;35;2044;228;207;209;358;167;199;65;377;100;99;35;0
A75608;1776;1065;27;1038;125;14;70;80;67;38;152;261;197;18;16;0
A75609;752;418;12;406;50;8;17;30;45;15;44;93;85;16;3;0
A75610;1756;1021;24;997;158;32;68;135;45;37;109;178;185;32;18;0
A76001;718;391;14;377;64;13;32;27;15;15;38;78;80;8;7;0
A76002;;;;;;;;;;;;;;;;
A76003;626;350;6;344;28;8;20;20;36;13;27;87;103;1;1;0
A76004;;;;;;;;;;;;;;;;
A76005;750;476;14;462;46;12;25;29;59;10;53;135;84;3;6;0
A76006;;;;;;;;;;;;;;;;
A76007;;;;;;;;;;;;;;;;
A76008;;;;;;;;;;;;;;;;
A76009;937;520;18;502;68;16;28;38;43;20;64;107;105;10;3;0
A76010;;;;;;;;;;;;;;;;
A76011;685;347;9;338;51;8;37;43;15;11;30;70;61;7;5;0
A76012;;;;;;;;;;;;;;;;
A76013;;;;;;;;;;;;;;;;
A76014;683;452;6;446;34;16;37;43;16;11;43;127;104;12;3;0
A76015;545;346;9;337;39;13;22;25;28;14;30;87;62;10;7;0
A76016;;;;;;;;;;;;;;;;
A76017;552;305;6;299;34;6;13;16;30;13;22;54;104;4;3;0
A76018;1384;755;14;741;97;29;82;144;51;45;57;96;58;61;21;0
A76601;835;521;24;497;45;20;49;45;31;20;54;110;116;5;2;0
A76602;;;;;;;;;;;;;;;;
A76603;482;313;10;303;20;6;21;30;17;14;29;83;74;5;4;0
A76604;631;330;4;326;45;5;9;23;27;11;33;77;85;7;4;0
A76605;316;152;4;148;11;10;6;8;11;7;19;39;33;2;2;0
A76606;632;413;7;406;40;13;33;38;34;12;34;129;63;8;2;0
A76607;682;475;12;463;61;11;49;54;44;19;43;84;77;8;13;0
A76608;;;;;;;;;;;;;;;;
A76609;;;;;;;;;;;;;;;;
A76610;918;577;6;571;50;17;67;42;37;22;40;156;126;7;7;0
A76611;;;;;;;;;;;;;;;;
A76612;;;;;;;;;;;;;;;;
A76613;354;240;8;232;28;2;25;29;8;12;12;75;34;6;1;0
A76614;;;;;;;;;;;;;;;;
A76615;795;464;16;448;38;13;16;31;37;21;28;136;114;9;5;0
A76616;;;;;;;;;;;;;;;;
A76617;;;;;;;;;;;;;;;;
A76618;;;;;;;;;;;;;;;;
A76619;;;;;;;;;;;;;;;;
A77301;;;;;;;;;;;;;;;;
A77302;;;;;;;;;;;;;;;;
A77303;1427;848;24;824;85;26;71;69;82;28;72;224;143;22;2;0
A77304;2367;1443;54;1389;197;43;69;175;78;67;105;337;271;33;14;0
A77305;1439;811;33;778;104;9;37;84;48;27;92;194;163;13;7;0
A77901;793;450;4;446;58;17;19;60;24;22;38;109;71;19;9;0
A77902;;;;;;;;;;;;;;;;
A77903;929;597;7;590;66;22;54;44;53;27;44;173;98;6;3;0
A77904;798;457;8;449;28;6;25;24;41;28;24;157;104;7;5;0
A77905;1585;823;24;799;70;13;57;63;61;29;63;221;203;14;5;0
A77906;2295;1220;13;1207;123;28;154;95;86;31;104;362;206;14;4;0
A77907;1014;755;16;739;82;35;56;131;48;42;23;185;87;33;17;0
A77908;;;;;;;;;;;;;;;;
A78701;1003;596;16;580;57;13;29;50;49;17;48;146;152;13;6;0
A78702;1463;842;21;821;111;25;57;79;58;38;51;209;170;14;9;0
A78703;;;;;;;;;;;;;;;;
A78704;;;;;;;;;;;;;;;;
A78705;888;526;15;511;49;11;41;30;24;16;23;199;108;3;7;0
A78706;1636;967;14;953;68;27;118;52;46;41;36;358;191;12;4;0
A78707;857;541;10;531;53;20;44;54;54;27;35;98;133;7;6;0
A78708;;;;;;;;;;;;;;;;
A78709;924;509;17;492;35;5;40;30;31;18;39;127;158;8;1;0
A78710;;;;;;;;;;;;;;;;
A78711;;;;;;;;;;;;;;;;
A78712;;;;;;;;;;;;;;;;
A78713;1523;818;18;800;163;19;42;68;38;56;75;116;183;34;6;0
A78714;689;383;7;376;81;6;18;47;19;17;44;52;77;12;3;0
A78715;1227;602;13;589;118;13;38;50;32;28;72;100;114;17;7;0
A79101;1958;1017;29;988;170;26;120;94;59;67;76;164;187;23;2;0
A79102;;;;;;;;;;;;;;;;
A79103;1319;661;16;645;123;24;42;59;31;36;57;98;143;18;14;0
A79104;;;;;;;;;;;;;;;;
A79105;;;;;;;;;;;;;;;;
A79106;796;374;14;360;69;7;13;35;21;15;22;74;85;15;4;0
A79107;595;290;8;282;45;5;12;23;14;15;21;56;82;7;2;0
A79108;532;259;5;254;51;2;14;18;13;3;16;49;81;2;5;0
A79109;1421;726;17;709;122;20;19;52;33;28;74;123;198;32;8;0
A79110;517;266;7;259;43;3;11;20;17;6;26;44;85;3;1;0
A79111;;;;;;;;;;;;;;;;
A79112;1457;763;14;749;86;20;43;86;29;32;114;135;146;41;17;0
A79113;1302;705;12;693;130;26;39;56;44;24;64;130;159;16;5;0
A79114;;;;;;;;;;;;;;;;
A79115;;;;;;;;;;;;;;;;
A79116;1359;777;20;757;122;25;64;97;36;35;57;164;117;28;12;0
A81001;1178;599;18;581;73;15;30;33;26;22;55;163;135;26;3;0
A81002;;;;;;;;;;;;;;;;
A81003;;;;;;;;;;;;;;;;
A81004;;;;;;;;;;;;;;;;
A81005;1243;743;9;734;107;25;43;82;38;32;28;212;129;28;10;0
A81006;1288;806;14;792;139;31;36;144;36;48;34;148;115;52;9;0
A81007;;;;;;;;;;;;;;;;
A81008;;;;;;;;;;;;;;;;
A81009;;;;;;;;;;;;;;;;
A81010;;;;;;;;;;;;;;;;
A81011;821;473;10;463;72;13;37;47;17;18;40;92;109;17;1;0
A81012;2338;1324;19;1305;261;47;70;134;72;78;80;280;209;59;15;0
A81013;;;;;;;;;;;;;;;;
A81301;805;424;6;418;64;21;17;46;31;12;32;97;80;12;6;0
A81302;912;459;4;455;59;16;8;55;23;19;54;82;112;24;3;0
A81303;794;428;8;420;67;9;27;33;31;7;36;86;119;5;0;0
A81304;1091;519;12;507;69;14;30;40;38;18;43;104;131;15;5;0
A81305;607;332;11;321;62;15;9;26;10;12;29;53;87;14;4;0
A81306;1364;652;16;636;124;24;31;72;23;31;45;73;165;39;9;0
A81307;;;;;;;;;;;;;;;;
A81308;936;483;9;474;64;16;21;38;27;14;36;91;140;25;2;0
A81309;;;;;;;;;;;;;;;;
A81310;1408;763;18;745;118;30;46;89;51;32;56;127;144;43;9;0
A81311;;;;;;;;;;;;;;;;
A81312;480;253;7;246;49;5;24;24;26;10;15;32;54;6;1;0
A81313;913;495;9;486;97;17;22;38;35;12;28;98;118;17;4;0
A81314;1216;611;11;600;128;21;58;66;40;30;32;112;92;14;7;0
A81315;462;247;6;241;35;6;10;27;9;10;19;47;68;7;3;0
A82001;;;;;;;;;;;;;;;;
A82002;648;341;7;334;51;5;18;39;10;16;22;85;76;11;1;0
A82003;;;;;;;;;;;;;;;;
A82004;1451;755;27;728;164;23;45;77;59;28;61;111;126;21;13;0
A82005;;;;;;;;;;;;;;;;
A82006;914;502;10;492;133;13;18;28;25;16;30;112;100;10;7;0
A82007;914;595;17;578;99;28;29;51;34;36;31;122;117;22;9;0
A82008;507;282;7;275;36;10;12;34;13;9;25;54;67;8;7;0
A82009;397;226;5;221;49;6;6;21;10;9;21;44;47;8;0;0
A82010;;;;;;;;;;;;;;;;
A82011;998;507;16;491;93;14;31;60;27;22;39;88;98;19;0;0
A82012;457;230;12;218;35;5;9;22;13;5;21;38;62;6;2;0
A82013;875;511;9;502;77;23;27;73;27;19;33;76;111;26;10;0
A82014;1147;660;12;648;124;13;14;72;25;19;62;120;167;23;9;0
A82501;;;;;;;;;;;;;;;;
A84001;967;428;13;415;57;6;15;61;20;13;33;88;106;11;5;0
A84002;736;391;16;375;48;11;27;37;25;16;13;76;111;10;1;0
A84003;824;435;10;425;42;10;23;47;31;22;37;89;104;16;4;0
A84004;;;;;;;;;;;;;;;;
A84005;1485;923;15;908;164;28;73;113;55;53;70;171;145;31;5;0
A84006;993;578;12;566;96;16;21;62;24;29;36;114;125;32;11;0
A84007;;;;;;;;;;;;;;;;
A84008;;;;;;;;;;;;;;;;
A84009;;;;;;;;;;;;;;;;
A84010;1440;828;23;805;97;27;30;68;27;23;63;189;265;10;6;0
A84011;;;;;;;;;;;;;;;;
A84601;;;;;;;;;;;;;;;;
A84602;;;;;;;;;;;;;;;;
A84603;;;;;;;;;;;;;;;;
A84604;1929;941;20;921;113;21;47;66;65;37;53;207;281;19;12;0
A84605;;;;;;;;;;;;;;;;
A84606;843;476;8;468;61;24;23;57;18;15;35;88;112;30;5;0
A84607;1387;802;10;792;130;28;81;94;25;38;57;178;131;21;9;0
A84608;1365;718;13;705;95;17;34;57;30;26;47;149;176;56;18;0
A84609;1327;771;23;748;90;18;47;56;69;35;61;199;153;13;7;0
A84610;1021;597;15;582;100;12;26;75;34;22;31;97;123;53;9;0
A84611;718;411;7;404;93;11;13;49;17;16;38;54;80;16;17;0
A84901;1693;899;16;883;132;24;43;89;50;23;66;190;214;30;22;0
A84902;929;449;9;440;60;7;14;42;27;24;10;120;121;12;3;0
A84903;970;592;14;578;107;19;47;57;47;17;34;138;90;15;7;0
A84904;901;640;20;620;82;60;26;146;27;34;25;73;40;48;59;0
A84905;;;;;;;;;;;;;;;;
A84906;;;;;;;;;;;;;;;;
A84907;591;327;8;319;29;22;16;37;24;18;28;54;76;12;3;0
A84908;;;;;;;;;;;;;;;;
A84909;1273;708;9;699;116;29;41;72;33;24;45;168;138;25;8;0
A84910;773;407;9;398;50;18;15;26;20;10;33;115;101;10;0;0
A84911;1374;710;20;690;97;16;39;80;32;25;75;160;136;23;7;0
A84912;1223;620;9;611;73;11;39;44;34;13;53;199;126;13;6;0
A84913;775;393;6;387;35;9;32;33;18;10;32;95;109;13;1;0
A84914;;;;;;;;;;;;;;;;
A84915;1243;592;19;573;88;24;21;110;24;13;36;87;122;39;9;0
A84916;922;445;16;429;42;8;16;49;21;10;37;105;124;10;7;0
A84917;686;336;10;326;34;7;13;42;13;10;27;106;64;4;6;0
A84918;585;340;6;334;40;12;20;27;14;13;24;80;94;7;3;0
A84919;;;;;;;;;;;;;;;;
A85126;3239;2364;48;2316;304;221;176;580;110;107;53;320;163;212;70;0
A85127;;;;;;;;;;;;;;;;
A85128;2046;1178;26;1152;146;45;93;101;67;41;74;229;304;39;13;0
A85129;2110;1121;32;1089;149;40;69;97;66;32;67;284;233;34;18;0
A85130;976;515;22;493;60;25;36;37;26;12;39;116;125;8;9;0
A85131;1486;941;11;930;141;65;81;126;67;48;44;172;148;25;13;0
A85132;1189;651;17;634;124;25;39;84;35;29;36;93;124;32;13;0
A85133;670;402;9;393;44;17;24;47;26;14;35;78;83;14;11;0
A85115;1123;615;14;601;92;22;27;73;37;26;32;91;160;30;11;0
A85116;499;322;5;317;40;16;15;43;16;11;18;61;75;12;10;0
A85134;;;;;;;;;;;;;;;;
A85117;;;;;;;;;;;;;;;;
A85118;;;;;;;;;;;;;;;;
A85119;;;;;;;;;;;;;;;;
A85120;1703;921;32;889;129;24;39;82;49;35;87;160;251;20;13;0
A85121;;;;;;;;;;;;;;;;
A85122;821;425;3;422;80;12;14;39;21;17;26;48;150;9;6;0
A85101;;;;;;;;;;;;;;;;
A85102;;;;;;;;;;;;;;;;
A85103;;;;;;;;;;;;;;;;
A85104;;;;;;;;;;;;;;;;
A85105;;;;;;;;;;;;;;;;
A85106;;;;;;;;;;;;;;;;
A85107;;;;;;;;;;;;;;;;
A85108;;;;;;;;;;;;;;;;
A85109;;;;;;;;;;;;;;;;
A85110;;;;;;;;;;;;;;;;
A85123;;;;;;;;;;;;;;;;
A85111;;;;;;;;;;;;;;;;
A85135;;;;;;;;;;;;;;;;
A85136;;;;;;;;;;;;;;;;
A85137;;;;;;;;;;;;;;;;
A85124;;;;;;;;;;;;;;;;
A85125;1980;1040;20;1020;202;33;43;142;38;45;79;139;232;53;14;0
A85112;;;;;;;;;;;;;;;;
A85113;;;;;;;;;;;;;;;;
A85114;;;;;;;;;;;;;;;;
A86001;;;;;;;;;;;;;;;;
A86002;;;;;;;;;;;;;;;;
A86003;;;;;;;;;;;;;;;;
A86004;;;;;;;;;;;;;;;;
A86005;;;;;;;;;;;;;;;;
A86006;;;;;;;;;;;;;;;;
A86007;2319;1297;36;1261;228;55;81;108;66;58;87;176;320;47;35;0
A86008;;;;;;;;;;;;;;;;
A86009;1545;809;18;791;115;34;35;95;46;35;42;141;198;37;13;0
A86010;;;;;;;;;;;;;;;;
A86011;;;;;;;;;;;;;;;;
A86012;;;;;;;;;;;;;;;;
A86013;;;;;;;;;;;;;;;;
A86014;;;;;;;;;;;;;;;;
A86015;2838;1425;27;1398;274;54;89;143;79;48;91;215;301;78;26;0
A86016;;;;;;;;;;;;;;;;
A86017;;;;;;;;;;;;;;;;
A86018;;;;;;;;;;;;;;;;
A86019;;;;;;;;;;;;;;;;
A86020;;;;;;;;;;;;;;;;
A86021;;;;;;;;;;;;;;;;
